GName,MAGPIS_Flux,MAGPIS_e_Flux,MAGPIS_Area
G017.584+00.088,0.01804604195,0.005039219279,0.3116810918
G017.625+00.048,0.03239776567,0.01282347459,0.7633854747
G017.638+00.157,0.0015693967,0.000745084486,0.09463841468
G017.928-00.677,0.1281855404,0.05421368033,3.46301651
G018.076+00.068,0.2681759596,0.02696872689,2.017006874
G018.096-00.322,0.169367522,0.01743663847,1.515915394
G018.144-00.281,7.957014561,0.3247660697,15.87457752
G018.152+00.090,0.2451364547,0.1288033873,7.313549995
G018.187-00.415,4.861476421,0.331854701,28.91849327
G018.195-00.171,0.7586390972,0.2393596917,3.375005484
G018.216-00.225,0.03070130199,0.00411561504,0.1544448882
G018.218+00.397,0.6295548677,0.1515711844,24.57003021
G018.230-00.250,0.8275231123,0.6308573484,7.71176672
G018.253-00.298,7.489718914,2.306793213,41.9022789
G018.305-00.391,1.52204299,0.01742978022,0.742264986
G018.329+00.024,0.343973577,0.06820007414,8.188344002
G018.441+00.013,0.06922813505,0.004748465493,0.4350892305
G018.442-00.006,0.07519096136,0.01217950415,0.09054455161
G018.451-00.016,0.3106337488,0.05755273998,3.230000019
G018.461-00.003,0.1379697025,0.006313931197,0.1228016242
G018.584+00.344,0.08321677148,0.0296320226,0.8280699253
G018.594+00.321,1.180033326,0.3898614049,21.08111191
G018.630+00.309,0.05818387493,0.01061474904,0.9282029867
G018.657-00.057,0.1764789224,0.01713054441,1.415584326
G018.677-00.236,0.3535990119,0.03612150252,1.18842113
G018.710+00.000,0.04221744835,0.003804944688,0.1288791001
G018.725-00.046,26.95242882,11.92982578,734.3278198
G018.741+00.250,0.1591158211,0.01251118258,0.975628078
G018.750-00.535,0.1774855852,0.06652264297,4.98947382
G018.761+00.262,0.02924527973,0.001152066281,0.08619394153
G018.762+00.270,0.02213173732,0.003682275536,0.1483955532
G018.766+00.262,0.00932659395,0.001259283046,0.06521786004
G018.824-00.467,0.01228091773,0.002107174136,0.0902331993
G018.832-00.300,0.1168965846,0.001120008295,0.1632020622
G018.881-00.493,3.378293276,0.5705856681,8.381882668
G018.914-00.329,112.4521103,8.235379219,758.2866821
G018.949-00.492,1.536597133,0.7578356266,11.52918434
G018.978+00.030,2.448038578,0.7365397215,28.9766655
G019.030+00.423,0.1239934117,0.0724138394,3.262506962
G019.045-00.588,1.183345675,0.2169947773,14.61014271
G019.064-00.282,2.035239697,0.3541697264,5.029999733
G019.077-00.291,0.5451447368,0.03392557427,0.1774055362
G019.110-00.604,2.942768335,0.8899005055,58.2844429
G019.122-00.263,0.2426317483,0.1180300117,3.345411062
G019.466+00.168,2.311053753,0.8259056211,63.08555603
G019.474+00.169,0.04939887673,0.002104546176,0.1284588724
G019.480+00.155,0.2308615148,0.02160613984,1.461021543
G019.489+00.135,0.7602822185,0.0560442023,1.342811584
G019.493-00.206,0.02180096693,0.002106050961,0.170391351
G019.494-00.150,0.3672240674,0.04530191049,6.120021343
G019.504-00.193,0.1514941156,0.03480944037,1.860396147
G019.554-00.248,1.727644682,0.5292621851,28.58333397
G019.594+00.024,0.08184280246,0.003471446224,1.33086884
G019.609-00.239,3.021917343,0.02847674303,1.365498662
G019.611-00.254,0.143184498,0.03597716615,0.590026021
G019.614-00.219,0.1561618745,0.05674251914,0.4852538705
G019.629-00.095,5.018260956,0.7406382561,46.43444443
G019.666-00.309,0.1978729367,0.04642196745,3.363662958
G019.675-00.226,3.376684189,0.8374482393,38.93888855
G019.677-00.134,0.7930977345,0.09137558937,1.903371572
G019.716-00.261,0.1110658795,0.02371677011,1.871457338
G019.728-00.113,0.03435973451,0.0008861325914,0.1186705008
G019.741+00.280,0.2499956489,0.009556381963,0.5577876568
G019.780+00.286,0.444437474,0.06427320838,9.064112663
G019.818+00.010,0.2312861234,0.01868521422,11.15512371
G020.070-00.144,0.2541834116,0.01025621966,0.1514642537
G020.077-00.141,0.3191795647,0.002377670025,0.3077777922
G020.083-00.135,0.1911201775,0.001272197696,0.07300234586
G020.098-00.123,0.08427423239,0.003650773782,0.3307901025
G020.150-00.335,4.290020943,1.041930079,151.3136902
G020.227+00.110,0.05860937014,0.003869590349,1.797491193
G020.363-00.014,0.06163018942,0.0008977502002,0.1230542585
G020.457+00.021,0.3993452787,0.1090621874,7.554989338
G020.481+00.168,2.353483677,0.4325917363,31.5997448
G020.542-00.179,0.6110692024,0.2788853347,19.40999222
G020.727-00.259,2.15972352,0.7704254985,51.22848892
G020.728-00.105,19.09827042,2.575674057,119.7822189
G020.750-00.090,0.1674473882,0.01600188389,0.2603379786
G020.761-00.066,0.04059064016,0.00802125223,0.2119913697
G020.988+00.092,1.512789011,0.07375330478,6.945154667
G021.004-00.056,0.05498937145,0.001721419045,0.3367135823
G021.185-00.343,0.05206649378,0.0116818035,1.372180343
G021.191-00.321,0.09929203242,0.03172680736,1.875227571
G021.386-00.254,0.05277289823,0.001006876933,0.1028425843
G021.426-00.546,0.08243727684,0.002573202364,0.2683456838
G021.450-00.590,0.2789110541,0.05685041845,6.479683876
G021.560-00.108,0.5718125701,0.1645438075,26.80507851
G021.603-00.169,0.03528191149,0.001731084427,0.142532289
G021.634-00.003,0.4479417801,0.1939257681,10.81003284
G021.688+00.074,0.06578818709,0.02185109071,3.723679781
G021.870-00.162,0.1473693699,0.03060229681,3.831208944
G021.872-00.044,0.106423445,0.04207799211,5.372499466
G021.873+00.005,0.8561056256,0.007813233882,0.8957067728
G021.931+00.104,0.08776669949,0.02193392999,1.776914954
G022.357+00.064,0.1668062806,0.008439063095,1.703875303
G022.413-00.335,1.562671185,0.8445892334,55.10468674
G022.724-00.010,0.1493180096,0.007166347932,0.3858908117
G022.730-00.239,0.1462795138,0.01712919958,1.593672633
G022.757-00.246,0.5326603055,0.08897385746,3.527746916
G022.761-00.492,3.548796654,1.361412883,21.87073898
G022.780-00.401,0.621334374,0.6352975965,10.21047974
G022.790-00.347,3.945487499,3.052677155,87.77555084
G022.952-00.317,0.02212173678,0.005824324209,0.1873433143
G022.980-00.369,0.05581857264,0.02790089324,0.3640903533
G022.987-00.155,0.1131536141,0.009403353557,2.9652915
G022.988-00.360,1.828981519,0.5523933172,15.52333355
G023.011-00.421,0.02684004046,0.008293463849,0.2314677387
G023.097+00.527,5.013768673,0.3281591833,65.22110748
G023.156-00.264,0.3760415614,0.3751927912,10.15192223
G023.195-00.001,0.02095059119,0.003243953688,0.1373075098
G023.240-00.240,0.8332061768,0.08343026042,7.3541255
G023.249-00.312,1.762982965,0.257295996,13.43196964
G023.264+00.077,0.1004599854,0.001883507706,0.1543907523
G023.376+00.452,0.2697499096,0.0421003513,6.788927078
G023.389-00.148,2.362187624,1.12324965,18.32777786
G023.423-00.216,7.613203049,0.2295097858,8.202735901
G023.435-00.153,0.02866907232,0.0119678257,0.1939700991
G023.438-00.241,0.4075269997,0.01572025008,0.8698129654
G023.455-00.201,0.00481709512,0.002248791745,0.06378427893
G023.458-00.179,0.3583408892,0.1040301174,1.111406207
G023.458+00.066,0.007354774512,0.0007504849345,0.08668138087
G023.513-00.244,0.04738387093,0.03378988802,1.482462049
G023.572-00.020,11.79810715,1.035927296,105.0400009
G023.581-00.400,5.029141903,2.16925621,116.7596664
G023.585+00.029,0.1557233185,0.03174069151,1.027863145
G023.601-00.203,0.09421476722,0.04139222205,2.533366203
G023.661-00.252,0.2408102304,0.0304348059,1.788767695
G023.689+00.377,9.10042572,38.15584564,960.916687
G023.703-00.197,0.04938970134,0.004040808883,0.1308029294
G023.705+00.165,0.9551581144,0.005443484522,0.8100000024
G023.708+00.174,0.790207684,0.6582297087,24.3488884
G023.713+00.175,0.5997333527,0.06171186641,0.3333469331
G023.737-00.021,0.09988546371,0.01340948418,1.248103499
G023.740-00.182,0.02161015198,0.001489208196,0.1827492863
G023.787+00.223,1.37471652,0.3810216784,29.0610466
G023.840+00.099,0.1690523475,0.008061877452,1.016669631
G023.861-00.126,0.05757262185,0.001850359724,0.1072711125
G023.872-00.119,1.187243104,0.009510279633,1.933728337
G023.897+00.064,0.1259055138,0.001063788193,0.1279270947
G023.907+00.074,0.2069969773,0.0150389662,0.9986189008
G023.957+00.149,1.615744829,0.003313357243,0.7296489477
G023.962+00.172,0.4857792556,0.02372400276,2.975230455
G023.980-00.110,0.05095065385,0.00857533142,0.6609144211
G023.987-00.090,0.05256841332,0.002824444091,0.2080203742
G024.003-00.103,0.1240512282,0.03600322828,1.909781933
G024.020+00.190,0.02533376031,0.007369206287,0.7351783514
G024.093+00.455,0.02421732992,0.005834603216,0.8301520944
G024.126-00.066,0.6289429665,0.117255412,9.637490273
G024.138+00.123,0.5028136373,0.109307602,7.405333996
G024.139+00.432,0.6022740006,0.1493017972,17.36487961
G024.166+00.250,0.03104593046,0.001830819063,0.1544856876
G024.174+00.403,0.008385607973,0.002966208616,0.2095220834
G024.185+00.211,1.60028398,0.3695249856,24.77111244
G024.187-00.037,0.09308074415,0.06365294755,2.526872396
G024.195+00.242,0.06587281823,0.002746953862,0.2521461546
G024.197+00.248,0.02628545836,0.003427346237,0.2177777737
G024.217-00.044,0.4873211384,0.06611385196,1.524920225
G024.280-00.145,2.109855652,0.03672773764,21.8612957
G024.347+00.088,3.099790096,1.259097457,48.36333466
G024.356+00.048,0.1798654199,0.05246112496,2.407941103
G024.397-00.191,0.01693053544,0.001561439596,0.3021446764
G024.426+00.221,0.132982716,0.04402319342,0.9204300642
G024.456+00.489,5.158159733,0.2142206132,9.238042831
G024.493-00.219,5.113290787,1.504597783,74.64555359
G024.497+00.482,0.3954487443,0.03939789906,2.762313843
G024.498-00.039,0.6833711863,0.06378802657,1.09523046
G024.507-00.225,0.7182059884,0.08066698909,0.9533555508
G024.507+00.239,10.14062214,1.139371991,64.40602875
G024.525-00.041,1.085312843,0.6060929298,24.98777962
G024.536+00.308,0.3916240036,0.2731062174,6.529950142
G024.557-00.132,0.1617626399,0.03544878215,2.722261667
G024.640-00.142,0.1447704136,0.08917541057,3.898017168
G024.651-00.078,0.01933678426,0.004673439544,0.3978461921
G024.667-00.146,0.09025093913,0.05555039272,1.377749324
G024.671-00.122,0.02715297043,0.009719412774,0.6450555921
G024.678-00.164,2.418958426,0.0972949639,3.322986603
G024.700-00.149,0.04920295998,0.02875384502,0.8406617045
G024.713-00.125,0.307566762,0.03658225015,0.6242305636
G024.724-00.084,4.229698658,0.7679409385,41.46777725
G024.728+00.159,0.1789840311,0.01023470331,3.104375362
G024.734+00.087,0.6402008533,0.05832059309,4.239269733
G024.743-00.210,0.7506303787,0.1058713794,3.367748976
G024.750+00.063,0.2431114167,0.09248600155,1.549063563
G024.789+00.084,0.03859496117,0.008986476809,0.06045848504
G024.793+00.096,1.606768727,0.05451004207,1.206324339
G024.844+00.093,9.145989418,1.742614388,45.22333145
G024.897+00.211,0.07988541573,0.0292166546,2.040585756
G024.923+00.079,0.1972587556,0.005601022858,0.4918651879
G024.951-00.050,0.1463176757,0.01588706858,2.807415962
G025.142-00.338,0.2032259703,0.05724708363,3.208380461
G025.147+00.089,0.196905911,0.0129758101,0.9652297497
G025.154+00.102,0.07885930687,0.004211183637,0.4938904941
G025.155+00.059,0.2138178647,0.01666109078,0.8160822988
G025.220+00.289,0.1000796631,0.01217736397,1.605013132
G025.286+00.298,1.371930242,0.1685477942,14.66639709
G025.291-00.303,3.23567915,0.8364052773,38.52568054
G025.305+00.532,0.08629494905,0.001568848616,0.3692231476
G025.382-00.151,18.07913971,0.7282394171,166.4822235
G025.386-00.347,2.137860298,0.89221102,35.21624756
G025.396-00.139,2.595277071,0.008376718499,0.5032305121
G025.397+00.033,0.5767237544,0.02490232699,0.5510998964
G025.398+00.562,0.08914487809,0.003172939178,0.117851764
G025.401+00.021,0.2179150581,0.005902847275,0.3484076262
G025.460-00.210,0.203199476,0.006058263127,0.4274154603
G025.469-00.121,0.3695752919,0.04531928897,4.776799202
G025.477+00.040,0.09053708613,0.01189422607,1.654090166
G025.519+00.215,0.3269245625,0.003456942039,0.2011104375
G025.521-00.098,0.02373784967,0.007312426344,0.9265565276
G025.651-00.031,0.2595695257,0.06643941253,7.51222229
G025.691-00.469,1.083409667,2.116275072,99.28347778
G025.700+00.028,1.73947835,0.1005566493,8.657777786
G025.715+00.048,0.02033943869,0.002273962367,0.1043970585
G025.724+00.058,0.0966495946,0.008575848304,0.7661529779
G025.796+00.239,0.07568679005,0.006086818874,0.1476669312
G025.801-00.158,0.02073800936,0.001355391927,0.09696412832
G025.867+00.118,30.48456001,7.422979832,349.0523071
G026.090-00.079,1.578232884,0.3122007549,9.534443855
G026.091-00.057,0.2264333516,0.02152006142,0.1483163834
G026.109-00.094,0.004804057069,0.001845402294,0.03043556958
G026.117-00.068,4.8926301,0.7828301191,45.94333649
G026.261+00.280,0.08502169698,0.02408031374,2.069223166
G026.330-00.071,0.2042943835,0.01632122509,1.56271708
G026.433+00.614,0.7660411,0.1185941994,14.58313274
G026.521-00.317,4.923606396,2.346390009,132.6844482
G026.542+00.419,1.828875422,0.02082250081,3.484162807
G026.595+00.095,0.1880499423,0.02165404335,1.242992878
G026.597-00.024,0.08741654456,0.001798049547,0.1179942936
G026.610-00.212,0.2322308421,0.001186109614,0.2574898601
G026.645+00.018,0.06040149555,0.007769675925,0.4365763962
G026.721+00.163,0.3123027384,0.04970367998,3.372814894
G026.727+00.501,0.306925118,0.2668768764,20.6306839
G026.797-00.113,31.54320717,10.23615742,558.3743896
G026.824+00.380,0.1297713667,0.03682181612,5.119179726
G026.984-00.062,2.096331358,0.5275461674,23.79521561
G027.033-00.151,0.3512546122,0.07182707638,10.55626106
G027.182-00.083,0.005728626158,0.0006998059689,0.06256552786
G027.185-00.156,0.09146566689,0.02601085976,1.140801549
G027.186-00.083,0.03225746751,0.004283985123,0.04527280107
G027.187-00.080,0.03584857658,0.0007492992445,0.06863116473
G027.210+00.282,0.05123120174,0.01468958054,2.079072714
G027.269+00.148,0.0628271848,0.01269674581,0.08926670998
G027.279+00.160,0.3343552947,0.01882704906,2.011885166
G027.279+00.143,0.5376565456,0.009923090227,1.049544573
G027.281-00.132,3.086831331,0.597409308,28.63817024
G027.288+00.153,0.002879906213,0.00072424463,0.04752250761
G027.320+00.263,0.1698409766,0.1504807919,6.439077854
G027.336+00.184,0.497690767,0.1774805933,10.2079525
G027.366-00.164,0.04763064161,0.0004874362494,0.07315289974
G027.476+00.179,2.411990881,0.1550835669,10.49437809
G027.518+00.200,1.147358537,0.1524626911,8.105829239
G027.562+00.084,0.1697958112,0.003108846722,0.2166481018
G027.564+00.090,0.001290520304,0.0005337605835,0.04168022797
G027.611+00.020,0.05748100579,0.05401732773,4.360000134
G027.682+00.076,0.2656293511,0.03083264641,7.180076599
G027.906-00.010,0.05523242801,0.002581357257,0.2358495444
G027.934+00.206,0.06408893317,0.005814266857,0.3468461335
G027.980+00.080,0.2288038135,0.003336236579,0.4605082572
G027.997+00.317,0.5756059289,0.3442318141,14.79052925
G028.022-00.043,2.742270231,0.1610531509,34.42264175
G028.128+00.338,0.0716669336,0.006110931747,0.9927659631
G028.140+00.327,0.006388776936,0.0002872868499,0.1050137281
G028.146+00.146,0.4211144745,0.03325413913,9.05248642
G028.200-00.050,0.1723917127,0.006429981906,0.1722967625
G028.246+00.013,0.1946568489,0.007829649374,0.3433975875
G028.286-00.371,0.0207230933,0.00321012293,0.1316650808
G028.287-00.365,0.44506374,0.01454966702,1.512222171
G028.291+00.011,0.02095226012,0.0005972665967,0.1515289098
G028.296+00.002,0.009205893613,0.002585085342,0.1709730178
G028.305-00.390,0.8715388775,0.02136024646,1.980622768
G028.312-00.031,0.442215234,0.3075075746,7.354073524
G028.394+00.076,0.05521535128,0.002883805661,0.2740553916
G028.397+00.451,0.00583436247,0.001237754594,0.1389998496
G028.407+00.496,1.429649234,0.5928688049,60.63000107
G028.451+00.001,0.08576025069,0.004952358548,0.1596522927
G028.512+00.303,0.1909390241,0.04063313827,2.666321039
G028.581+00.145,0.05141726509,0.001689135912,0.1538390964
G028.590-00.352,0.356269002,0.007881683297,1.15337956
G028.600-00.376,0.5345573425,0.01809862442,2.319177151
G028.605-00.013,0.4346192181,0.1094283909,2.535705566
G028.607+00.019,0.209957391,0.00287543796,0.08623035252
G028.610+00.015,0.2924957573,0.03320193663,0.6566666961
G028.638+00.194,1.061027527,0.3191849589,23.05155754
G028.651+00.026,0.2947406173,0.004622138571,0.2080544978
G028.656+00.491,1.070465088,0.4031196237,19.89574242
G028.670+00.011,0.3816095293,0.1356409788,3.316900015
G028.679+00.044,2.193385601,0.1375346631,9.355555534
G028.688+00.177,0.1428718567,0.001832205569,0.2400342524
G028.774+00.285,0.5576951504,0.2902867496,11.21880913
G028.788+00.241,0.1335567832,0.007526304107,0.625608623
G028.801+00.170,2.068255901,0.03829747811,2.630761147
G028.816+00.191,0.08550745249,0.01261814311,0.8044576049
G028.823-00.226,1.301486611,0.1116482094,9.432222366
G028.823+00.236,0.5501463413,0.2259695828,13.96777725
G028.839-00.251,0.04972374067,0.005336755887,0.3304173052
G028.861+00.065,0.135841012,0.05786743388,2.254462242
G028.907+00.224,0.09725215286,0.1600621939,12.13534927
G028.951-00.594,0.004725371487,0.0024887037,0.2825469375
G028.983-00.604,1.4221977,0.08044281602,19.38009644
G029.000+00.084,0.5763399601,0.0730676949,7.651996136
G029.019+00.165,0.1732080132,0.04614330828,5.352472782
G029.065+00.387,5.65190506,2.223925591,179.3044434
G029.088-00.675,5.604590893,0.2169983685,100.8029099
G029.110-00.023,1.016681075,0.1936144233,27.15954399
G029.134-00.145,0.0544118993,0.001368228346,0.7275075912
G029.165-00.035,3.559235096,0.5812774897,53.02222061
G029.348-00.426,0.1850060225,0.06645829231,9.300081253
G029.615-00.599,0.01576952636,0.002685226966,0.5680830479
G029.770+00.219,0.09453572333,0.001912903506,0.1691085249
G029.814-00.069,3.779576778,1.043925524,59.21777725
G029.828-00.168,0.6392892003,0.1777652502,20.12374496
G029.862-00.059,0.396436125,0.06332466751,1.146455407
G029.889-00.007,1.128369451,0.04571798816,1.745891571
G029.901-00.029,2.56530714,0.356433481,4.991569042
G029.928-00.057,6.899374485,0.437379539,8.641815186
G029.954-00.788,0.001558967982,0.0009018480778,0.1172749326
G029.956-00.020,4.612322807,0.119335331,5.674032688
G029.979-00.587,0.7497999072,0.4547055364,42.1762352
G030.007-00.084,0.6744541526,0.1566936821,8.443769455
G030.021-00.042,0.2554146945,0.0351346992,0.8526973724
G030.026+00.109,0.09988634288,0.01383538544,1.122348309
G030.036-00.167,1.848561049,1.514697433,61.39888763
G030.055-00.339,0.1599883437,0.04398450628,3.046615601
G030.211+00.428,0.03192565963,0.001988274045,0.1577038616
G030.212-00.157,0.2933492362,0.05245836079,2.912866354
G030.234-00.139,0.7353072166,0.003478201339,0.2197194546
G030.249+00.243,0.1652145982,0.01472599432,1.329627395
G030.252+00.053,0.03652955964,0.006414196454,0.8377777934
G030.255+00.052,0.1574262232,0.001687347074,0.1520502567
G030.311-00.215,0.1334342659,0.05112953857,1.474552155
G030.321-00.210,0.3887882233,0.1865350455,7.30358839
G030.338-00.252,4.246100426,4.648989677,107.9833298
G030.348+00.090,0.071266599,0.01426487789,1.443394065
G030.365-00.490,1.66663146,0.1814769953,26.33385658
G030.374+00.026,0.3224481344,0.1668965966,3.508347988
G030.377+00.106,0.04431125522,0.001316113514,0.4034791291
G030.380-00.110,0.1070564017,0.009292249568,0.4003405571
G030.410-00.228,0.06382710487,0.008327033371,0.2916349471
G030.442-00.004,0.3802341223,0.1960173845,4.613720894
G030.463-00.191,0.0949600935,0.01320920978,1.165736437
G030.468+00.394,2.342693329,0.5971843004,50.8835907
G030.470-00.039,0.6989679933,0.2920871079,7.407030106
G030.478-00.091,1.790663958,0.4551440775,17.9180851
G030.533+00.021,0.824513793,0.03478405252,0.3185912967
G030.545+00.027,0.1231306121,0.07206947356,0.794947207
G030.585-00.097,0.8818217516,0.2649147809,7.649049282
G030.597+00.030,0.202161029,0.1081393212,2.402191877
G030.613-00.617,8.056014061,1.328680038,148.184433
G030.642+00.050,0.3069798946,0.1536664963,2.594733
G030.688-00.075,2.652220249,0.168425411,1.520104527
G030.720-00.083,0.4883447886,0.01816877909,0.1175693572
G030.758-00.047,98.71031189,4.923425198,105.1143341
G030.760+00.206,0.05163317919,0.004807296209,0.2114873081
G030.797+00.165,0.2617292702,0.02494543605,1.250149131
G030.838+00.114,0.2895691395,0.01177170873,1.580282688
G030.847+00.140,1.033335328,0.2784091234,4.253769398
G030.867+00.113,0.1852909923,0.01032937877,0.3574546278
G030.867+00.008,0.7392988801,0.3156804442,11.43896675
G030.869-00.108,0.3647420108,0.17564255,4.993266106
G030.881+00.074,0.1322585344,0.01175794099,0.3368683457
G030.906+00.161,0.05966538563,0.01909235492,0.693566978
G030.951+00.541,0.3178757727,0.01798180863,2.629295588
G030.955+00.078,0.1514919847,0.0147979036,0.3166800737
G030.958+00.594,0.9631840587,0.2387913018,10.7607584
G031.005+00.595,0.9089936614,1.094140768,36.28111267
G031.016-00.039,2.786741734,1.839933515,46.0919342
G031.020+00.168,1.851510525,2.544837475,47.02506638
G031.034+00.449,0.357047528,0.01530287135,2.385083199
G031.049+00.469,0.01123766974,0.001669320627,0.07822707295
G031.051+00.084,1.198861599,0.01588479616,4.076666832
G031.054+00.491,1.868351936,0.4160807133,20.90666771
G031.058+00.497,0.1887412369,0.007739361376,0.7483280301
G031.058+00.092,0.09753504395,0.02362640016,0.2527078688
G031.065+00.045,0.2010218054,0.01694726571,1.081111193
G031.068+00.049,0.4156627357,0.01526006404,0.3385074437
G031.102+00.128,0.04942966998,0.02055654675,1.288632751
G031.135+00.129,0.1518453062,0.08875356615,4.11369133
G031.138+00.285,1.375648141,0.1231067106,16.23354721
G031.159+00.045,0.02400126867,0.003832450137,0.138291657
G031.165-00.105,0.9146060944,1.522331238,28.6977787
G031.207+00.098,0.02077037096,0.004162431695,0.3953110874
G031.241-00.109,0.5805467367,0.005079017021,0.2026704699
G031.244-00.113,0.08579480648,0.002740899567,0.07098322362
G031.264+00.031,0.07560006529,0.03826578334,4.031264782
G031.268+00.478,0.2134103924,0.04770603776,6.273421288
G031.269+00.064,0.005412271712,0.0007303057937,0.05644507334
G031.279+00.061,0.3678328991,0.009904932231,0.4875354469
G031.309+00.044,0.4589290321,0.1821895689,9.772221565
G031.355-00.101,0.2308153808,0.1115526482,7.121061802
G031.365-00.033,0.2876137495,0.03959195688,6.954600811
G031.394-00.258,0.37248227,0.0145178251,0.3673933744
G031.403-00.268,0.3985297382,0.10780745,1.594598174
G031.412+00.309,1.038723946,0.01245930698,0.5643106699
G031.416-00.142,0.1034025103,0.03494256362,3.880000114
G031.422-00.256,1.02307415,0.2101381868,20.25222206
G031.426-00.140,0.03002993949,0.00144565932,0.2381188422
G031.470-00.344,0.4441908896,0.06486706436,2.72456646
G031.534-00.134,0.232495904,0.1924158186,20.76661491
G031.549+00.099,0.04170734435,0.01448992267,0.6958781481
G031.567+00.078,0.003779926337,0.0715617761,1.930000067
G031.577+00.103,0.2799933553,0.1275224388,10.74888897
G031.580+00.074,0.02132836357,0.001758331433,0.137258321
G031.610+00.335,1.08339572,0.309068352,13.12687492
G031.612-00.226,0.5086471438,0.2513977289,14.09322548
G031.677+00.179,0.5892134309,0.1900237203,18.29830551
G031.727+00.698,0.02272254974,0.006455047056,0.5127048492
G031.806-00.115,0.5862730742,0.2649335265,11.84414101
G032.030+00.048,0.03289690986,0.001184666879,0.112517871
G032.058+00.077,0.263117671,0.01365770493,3.094077349
G032.100+00.089,0.111022763,0.02463500574,1.906576991
G032.112+00.096,0.004414676223,0.001151534845,0.05966287479
G032.116+00.090,0.007633879781,0.002886651317,0.05541001633
G032.123+00.094,0.01131219231,0.005110197235,0.1563084722
G032.152+00.131,0.7602639794,0.009351977147,1.112374067
G032.181+00.015,2.471286058,1.427487731,151.7788849
G032.272-00.226,0.3344487548,0.002672189381,0.2899636328
G032.423+00.077,0.008139066398,0.001416049199,0.08632402122
G032.463+00.193,0.0177876316,0.001985145034,0.4472077191
G032.473+00.204,0.05709432438,0.0004980603117,0.08877194673
G032.582+00.001,0.205706507,0.0639154166,4.845049381
G032.587-00.330,0.07438523322,0.1194675192,22.55190659
G032.732+00.209,0.03968717903,0.01204948127,0.9184681773
G032.761-00.151,0.01610170305,0.00200627232,0.5894083381
G032.775+00.183,0.0049830731,0.0002262967464,0.07296080887
G032.793+00.206,0.02927029133,0.003027140396,0.316165626
G032.870-00.427,0.07990804315,0.01929520071,4.859580517
G032.928+00.606,0.2875449359,0.0006044089678,0.2338884771
G032.982-00.338,0.2381007224,0.05817246437,11.27877235
G032.985-00.548,0.02249279246,0.003274594201,1.298802018
G032.990+00.040,0.197521463,0.002460189862,0.3495362103
G033.080+00.073,0.2351023704,0.1385945529,10.40666676
G033.110-00.095,0.006012452301,0.0009973539272,0.09136877209
G033.134-00.093,0.2121587545,0.000877136481,0.1337626725
G033.142-00.088,0.09559333324,0.004298579413,0.3776270747
G033.205-00.013,0.2494962215,0.009035214782,0.8632059097
G033.263+00.066,0.02208829485,0.00270921411,0.1301372945
G033.403+00.005,0.1120593026,0.01637458429,0.9900529385
G033.419-00.005,0.2167019546,0.01237264834,0.6473556161
G033.643-00.229,0.009395230561,0.002533846535,0.3525078595
G033.715-00.415,0.05863309279,0.01252587885,3.270952463
G033.809-00.190,0.2303867787,0.002634519478,0.3319557607
G033.809-00.186,0.06863642484,0.001021453529,0.0853164345
G033.813-00.150,0.05037586018,0.01334096119,1.063849807
G033.884+00.058,0.004844421521,0.001858978882,0.2183295935
G033.914+00.107,0.8899636269,0.008602569811,0.583239615
G033.941-00.039,0.2829169333,0.0454066582,10.16433811
G033.987-00.012,0.004438208416,0.003790165065,0.1971641332
G033.991-00.005,0.005363126285,0.002929713577,0.135077551
G034.041+00.052,0.06753060967,0.01181269065,1.019539475
G034.046+00.140,0.02246128209,0.009523660876,0.7844768167
G034.089+00.438,0.227181077,0.002650066512,1.06630373
G034.102-00.027,0.0006550378748,0.0003587897809,0.06237447634
G034.133+00.471,0.5998119116,0.004301784094,0.8359988928
G034.198-00.591,0.01336691435,0.0007551804883,0.1044444516
G034.201+00.105,0.05858258158,0.0191799216,1.198755145
G034.246+00.102,0.09066347033,0.02550115064,2.536941528
G034.256+00.136,9.827636719,0.0163342841,3.964444399
G034.256+00.154,0.9255381227,0.007927486673,0.3138413429
G034.404+00.227,0.005737361964,0.001006515697,0.07101288438
G034.591+00.244,0.02082856931,0.0005895194481,0.1280150414
G034.686+00.068,0.1038434654,0.003889555577,0.4363225698
G034.756+00.022,0.08752258867,0.04853016138,1.905910134
G035.025+00.350,0.003319379641,0.0008780947537,0.06749257445
G035.040-00.500,0.7532265782,0.08056856692,7.438623905
G035.051-00.520,0.2286007404,0.007012608927,0.545640707
G035.099-00.243,0.003809754504,0.0007893361035,0.1193646416
G035.126-00.755,0.2636693418,0.007255138829,0.877229929
G035.258+00.118,0.01502267923,0.01083854493,1.577716351
G035.349+00.004,0.4977178872,0.1689129025,15.06804276
G035.467+00.004,0.2162202895,0.05938819796,5.70982933
G035.467+00.139,0.2712568939,0.00156194123,0.2245827615
G035.509-00.022,0.03976536542,0.01041298825,0.9543071389
G035.514-00.034,0.001174091827,0.0009471892845,0.0332271345
G035.543+00.006,0.303373456,0.03427791223,2.928398609
G035.571+00.071,0.4466153681,0.006137275603,0.5122824907
G035.575+00.035,0.01605419442,0.00180503109,0.6954689026
G035.575+00.047,0.05695474893,0.002645777538,0.2518866658
G035.576-00.032,0.09821736068,0.004041298758,0.1780185401
G035.579+00.065,0.01286553126,0.001270932378,0.1003506482
G035.649-00.053,3.081318855,0.5165079832,77.7579422
G035.948-00.149,0.02172965556,0.001986070769,0.1153058261
G036.267+00.697,1.210323691,0.3495349288,63.58555603
G036.405+00.021,0.02493228763,0.0006471802481,0.1193267405
G036.459-00.183,0.7439696193,0.05455863103,26.77440453
G036.870+00.462,0.01382243913,0.0007301591686,0.3559494913
G036.918+00.482,0.006247634534,0.000333918666,0.0750310719
G036.993-00.231,0.01438098866,0.002318371553,0.6593052149
G037.200-00.430,0.03834813088,0.001690370031,0.5960539579
G037.259-00.083,0.09437556565,0.008410501294,0.8430551291
G037.278-00.226,0.09676853567,0.003133541206,0.2308606207
G037.339-00.061,0.03404808789,0.0107720932,1.040983915
G037.344+00.684,0.1729475707,0.0009605046362,0.7941090465
G037.362-00.234,0.5611572266,0.09412523359,4.165967464
G037.469-00.105,0.01110991649,0.0004192450142,0.06993267685
G037.497+00.530,0.005330166779,0.0001846764644,0.09523031116
G037.544-00.115,0.7572862506,0.02196464688,0.9139593244
G037.677+00.155,0.8634873033,0.1876261681,29.58738899
G037.750-00.110,0.3411196768,0.05272431672,1.620000005
G037.754+00.560,0.05077526346,0.0009162465576,0.1821485609
G037.763-00.212,2.615940809,0.1068332419,5.58757019
G037.816-00.379,0.09301390499,0.001962074544,0.4590675533
G037.820+00.414,0.06006607041,0.0004700892605,0.1762228459
G037.868-00.601,0.2896412015,0.00286279479,0.3994149566
G037.872-00.399,2.563203096,0.03802774474,2.402562857
G037.872-00.257,2.881159782,3.978274107,278.8800049
G038.045-00.034,0.205102697,0.03553989902,2.262372494
G038.121-00.226,0.01698810607,0.001898155315,0.2585558891
G038.550+00.163,0.162379086,0.0005151212681,0.2400327474
G038.643-00.227,0.02115514316,0.0006261112285,0.09632826596
G038.652+00.087,0.0318900086,0.000248770084,0.2679167986
G038.738-00.140,0.08774396777,0.01875703223,5.143405437
G038.840+00.495,0.05872127041,0.003170437878,2.552963734
G038.861-00.135,0.09330368787,0.02627840824,5.301959038
G038.875+00.308,0.2359764427,0.0002547142212,0.1366336197
G038.926-00.389,0.03123754077,0.009048826061,1.651580334
G038.978-00.269,0.00677656522,0.002302008914,0.1209225506
G039.196+00.224,0.03259599954,0.0005270226975,0.10776411
G039.225-00.053,0.03326657414,0.001278253971,1.143901348
G039.248-00.064,1.008516073,0.01547787618,1.228844285
G039.258-00.049,0.2916678488,0.02166944556,1.104444504
G039.388-00.143,0.0009448577184,0.0006268461002,0.03002302907
G039.544-00.366,0.02249882184,0.00582278939,0.4755085707
G039.672-00.459,0.003804321168,0.000298862753,0.04331741109
G039.728-00.396,0.2555396259,0.001928617712,0.5252246261
G039.864+00.645,0.1259093732,0.002125667408,0.377782613
G039.873-00.177,0.09175753593,0.0144332936,1.015602946
G039.883-00.346,0.2610066831,0.0007455574814,0.1319220215
G040.430+00.697,0.0548864156,0.0007281327853,0.1563261896
G041.129+00.112,0.06236952171,0.02075456269,5.579641819
G041.235+00.367,0.4460287988,0.06195156649,13.31659985
G041.246-00.168,0.3671266735,0.1259744018,13.25555515
G041.351+00.052,0.1920410991,0.07179772854,12.59777737
G041.375+00.032,0.02940233611,0.0008704042993,0.1105519086
G041.382+00.037,0.01324907597,0.00162873813,0.07831164449
G041.512+00.021,0.6405156851,0.0341569446,9.87152195
G041.516-00.142,0.5498991609,0.03634767979,3.736703634
G041.740+00.095,0.3129923344,0.002124183578,0.2221689224
G041.880+00.492,0.004997724202,0.0005223876797,0.1465364397
G041.927-00.125,0.4986143708,0.1813672632,35.12341309
G041.929+00.030,0.3002172112,0.05423691496,12.65547562
G042.008+00.352,0.04553490505,0.007106773555,4.747913837
G042.103-00.623,1.429754496,0.1348928064,16.16711617
G042.111-00.444,0.1839638054,0.004948982969,0.6438266039
G042.434-00.275,0.7276719809,0.02072531171,4.346714497
G043.110+00.016,0.1091563553,0.08588947356,1.420157313
G043.146+00.013,1.083083272,0.01388716046,0.1302228272
G043.149+00.028,0.3406662643,0.0317205973,0.3316321671
G043.151+00.011,0.8271237016,0.03559046611,0.1272969842
G043.154-00.039,0.4105493426,0.007951278239,0.1587618738
G043.154+00.006,0.8637436032,0.02544298954,0.2338429838
G043.154+00.018,0.3109785914,0.01510970853,0.2211479843
G043.162-00.071,0.01735414006,0.009542879649,0.1978281289
G043.162+00.005,0.8769561052,0.05057732388,0.1437490284
G043.165-00.031,2.3721416,0.1541761756,0.3411100805
G043.167-00.005,0.06094264612,0.02265982889,0.04584768042
G043.168+00.019,0.8610257506,0.01317890361,0.1618590504
G043.170-00.004,13.07432079,0.323331207,29.84111214
G043.173+00.015,0.1374304146,0.08281531185,0.07712653279
G043.175-00.519,0.2303885072,0.003720409237,0.2321524024
G043.175+00.025,0.9589342475,0.06736433506,0.1325686574
G043.176-00.022,0.2841030955,0.05168379843,0.1470650285
G043.179+00.020,0.6332771778,0.07567122579,0.0949459821
G043.182-00.037,0.09318767488,0.01378237177,0.05487265065
G043.183-00.027,1.25606966,0.2392822653,0.4920795262
G043.183+00.018,0.2409165651,0.05901411548,0.1303395331
G043.185-00.525,0.5350584388,0.01351877674,0.7311111093
G043.188-00.067,0.739028275,0.1818694919,3.139666557
G043.237-00.044,0.598151207,0.01785841025,0.2658270299
G043.432+00.516,0.1130149439,0.01896057837,3.372251034
G043.774+00.057,0.2544187605,0.05720988661,13.03283501
G043.792-00.122,0.03197504953,0.004820175003,0.341987282
G043.794-00.129,0.02862164751,0.001673683291,0.1059439257
G043.818+00.395,0.2720421255,0.02435366809,6.179713249
G043.890-00.780,0.4033414423,0.002313559176,0.2605028152
G044.224+00.085,0.7511145473,0.07627233863,68.07221985
G044.418+00.535,0.03395833448,0.002646374283,0.7266666293
G044.423+00.537,0.006077167112,0.0004011513956,0.04998824745
G044.501+00.332,0.1509528458,0.02852507308,1.574284077
G044.503+00.349,0.01029367931,0.000221265218,0.09967601299
G044.521+00.385,0.02885236219,0.004770678468,0.5381445289
G045.067+00.140,0.319070071,0.005226568785,0.8122222424
G045.070+00.132,0.06842923164,0.0003097372537,0.1149467677
G045.118+00.144,0.1866998672,0.006738684606,0.3104710579
G045.121+00.133,1.640079975,0.001346365316,0.50222224
G045.128+00.131,0.09947582334,0.02484460175,0.07364865392
G045.131+00.127,0.0171153415,0.001419093809,0.04393762723
G045.132+00.146,1.828004122,0.03988563269,1.135878205
G045.133+00.132,0.03017559648,0.01669112407,0.06231183186
G045.195-00.439,0.0369630903,0.002130154753,0.4838109314
G045.197+00.740,0.1723111272,0.005953868385,2.401577711
G045.391-00.725,0.2915134132,0.04567465931,9.701111794
G045.453+00.044,6.406652927,0.08090547472,14.45653152
G045.463+00.028,0.001127202529,0.002934617223,0.1070240065
G045.466+00.045,0.03307711333,0.002266537631,0.07021644711
G045.467+00.135,0.003176370868,0.0009609868866,0.03105895966
G045.470+00.133,0.005115962587,0.0009706481942,0.04178291559
G045.475+00.130,1.720052719,0.01051295642,1.126666665
G045.484+00.143,0.02741219476,0.0008793714223,0.1648075879
G045.542-00.006,0.1025089324,0.003157972591,0.2805847824
G045.825-00.291,0.3353652656,0.01169558987,1.828683853
G045.933-00.403,0.07499895245,0.002285888651,1.746109724
G046.088+00.254,0.002166386461,0.0002984262828,0.06087178364
G046.173+00.533,0.01259385422,0.002789091785,2.239115715
G046.213+00.547,0.003005218925,0.0004129015142,0.2200712115
G046.495-00.241,2.748533487,0.3202351034,49.68096542
G046.948+00.371,0.1207682639,0.01017774642,1.673112631
G047.028+00.216,0.167023614,0.02137577906,7.555439949
G047.094+00.492,0.01985714957,0.002251142403,0.6145699024
G047.100+00.479,0.01563348249,0.0007428720128,0.1910524666
